-- Generated from src/data/*.ts by scripts/generate-supabase-seed.mjs.
-- Re-run npm run seed:supabase after changing static content.
-- composers: 20, works: 60, performances: 12, articles: 5

insert into public.composers (id, slug, name, name_cn, birth_year, death_year, country, period, portrait_url, short_bio, bio, style_tags, timeline, starter_work_ids, related_composer_ids, featured) values
  ('bach', 'bach', 'Johann Sebastian Bach', '约翰·塞巴斯蒂安·巴赫', 1685, 1750, '德国', '巴洛克', '', '巴洛克复调艺术的集大成者，以严谨结构和深沉精神性影响了后世所有作曲家。', '巴赫把德国管风琴传统、意大利协奏曲语汇和法国舞曲风格融为一体。他的音乐既是精密的结构，也是富有呼吸感的祈祷，从键盘、宗教声乐到室内乐都留下了典范。', '["复调","管风琴","宗教声乐","结构感"]'::jsonb, '[{"year":1708,"event":"任魏玛宫廷管风琴师。"},{"year":1721,"event":"完成《勃兰登堡协奏曲》献呈本。"},{"year":1723,"event":"赴莱比锡任圣托马斯教堂乐长。"}]'::jsonb, '["bach-cello-suite-1","bach-brandenburg-3","bach-goldberg"]'::jsonb, '["handel","mozart","beethoven"]'::jsonb, true),
  ('handel', 'handel', 'George Frideric Handel', '乔治·弗里德里希·亨德尔', 1685, 1759, '德国 / 英国', '巴洛克', '', '以歌剧和清唱剧闻名的巴洛克巨匠，音乐兼具戏剧性、宏阔感与公共庆典气质。', '亨德尔在德国出生，长期活跃于伦敦。他用意大利歌剧训练出的戏剧嗅觉，塑造了英语清唱剧的辉煌传统，《弥赛亚》成为音乐会舞台上最持久的作品之一。', '["清唱剧","歌剧","戏剧性","庆典感"]'::jsonb, '[{"year":1711,"event":"歌剧《里纳尔多》在伦敦成功上演。"},{"year":1742,"event":"《弥赛亚》在都柏林首演。"},{"year":1749,"event":"创作《皇家烟火音乐》。"}]'::jsonb, '["handel-messiah","handel-water-music","handel-fireworks"]'::jsonb, '["bach","haydn","mozart"]'::jsonb, false),
  ('mozart', 'mozart', 'Wolfgang Amadeus Mozart', '沃尔夫冈·阿马德乌斯·莫扎特', 1756, 1791, '奥地利', '古典主义', '', '古典主义均衡与歌唱性的象征，在歌剧、交响曲、协奏曲和室内乐中都达到罕见高度。', '莫扎特的音乐常以轻盈外表承载复杂情感。他让旋律像人声一样自然呼吸，也让戏剧人物拥有真实心理，古典风格在他笔下呈现出透明而深邃的光泽。', '["歌唱性","歌剧","透明织体","古典均衡"]'::jsonb, '[{"year":1762,"event":"幼年随父亲巡演欧洲宫廷。"},{"year":1781,"event":"离开萨尔茨堡，定居维也纳。"},{"year":1787,"event":"《唐璜》在布拉格首演。"}]'::jsonb, '["mozart-symphony-40","mozart-piano-concerto-21","mozart-requiem"]'::jsonb, '["haydn","beethoven","schubert"]'::jsonb, true),
  ('haydn', 'haydn', 'Joseph Haydn', '约瑟夫·海顿', 1732, 1809, '奥地利', '古典主义', '', '交响曲与弦乐四重奏传统的重要奠基者，以机智、结构和形式创新著称。', '海顿长期服务于埃斯特哈齐宫廷，在相对稳定的环境中持续实验。他的音乐把清晰形式与幽默感结合起来，塑造了古典主义器乐语言的骨架。', '["交响曲","弦乐四重奏","幽默","形式创新"]'::jsonb, '[{"year":1761,"event":"进入埃斯特哈齐家族任职。"},{"year":1791,"event":"首次赴伦敦，创作伦敦交响曲。"},{"year":1798,"event":"清唱剧《创世纪》首演。"}]'::jsonb, '["haydn-surprise","haydn-emperor-quartet","haydn-creation"]'::jsonb, '["mozart","beethoven","handel"]'::jsonb, false),
  ('beethoven', 'beethoven', 'Ludwig van Beethoven', '路德维希·范·贝多芬', 1770, 1827, '德国', '古典主义', '', '从古典主义走向浪漫主义的关键人物，把个人意志、冲突和胜利写进交响音乐。', '贝多芬继承海顿与莫扎特的形式传统，却以更强烈的动机发展、戏剧冲突和精神张力扩展了音乐的表达边界。他的作品成为现代音乐会文化的核心。', '["英雄性","动机发展","交响曲","钢琴奏鸣曲"]'::jsonb, '[{"year":1792,"event":"前往维也纳深造并逐渐成名。"},{"year":1804,"event":"完成《第三交响曲“英雄”》。"},{"year":1824,"event":"《第九交响曲》首演。"}]'::jsonb, '["beethoven-symphony-5","beethoven-moonlight","beethoven-symphony-9"]'::jsonb, '["mozart","brahms","schubert"]'::jsonb, true),
  ('schubert', 'schubert', 'Franz Schubert', '弗朗茨·舒伯特', 1797, 1828, '奥地利', '浪漫主义', '', '德奥艺术歌曲的高峰，也在室内乐和交响曲中展开诗意、孤独与远方感。', '舒伯特把诗歌的瞬间情绪转化为旋律、和声与钢琴织体。他的音乐常在亲密空间中显露辽阔风景，是早期浪漫主义最动人的声音之一。', '["艺术歌曲","抒情","转调","室内乐"]'::jsonb, '[{"year":1815,"event":"创作《魔王》等大量歌曲。"},{"year":1822,"event":"写下《未完成交响曲》。"},{"year":1828,"event":"生命最后一年完成多部晚期杰作。"}]'::jsonb, '["schubert-erlkonig","schubert-unfinished","schubert-trout"]'::jsonb, '["beethoven","schumann","brahms"]'::jsonb, false),
  ('chopin', 'chopin', 'Frédéric Chopin', '弗里德里克·肖邦', 1810, 1849, '波兰 / 法国', '浪漫主义', '', '钢琴诗人，以夜曲、玛祖卡、波兰舞曲和练习曲拓展了钢琴的歌唱与色彩。', '肖邦几乎把全部创造力投注于钢琴。他的作品既有沙龙的精微，也有民族记忆和内在戏剧，让钢琴成为最细腻的独白者。', '["钢琴","夜曲","民族舞曲","装饰音"]'::jsonb, '[{"year":1830,"event":"离开华沙，后定居巴黎。"},{"year":1836,"event":"与乔治·桑相识。"},{"year":1842,"event":"创作成熟期多部夜曲与波兰舞曲。"}]'::jsonb, '["chopin-nocturne-op9-2","chopin-ballade-1","chopin-polonaise-heroic"]'::jsonb, '["liszt","schumann","rachmaninoff"]'::jsonb, true),
  ('liszt', 'liszt', 'Franz Liszt', '弗朗茨·李斯特', 1811, 1886, '匈牙利', '浪漫主义', '', '钢琴炫技时代的标志人物，也是交响诗的重要开创者。', '李斯特把钢琴演奏推向前所未有的舞台化高度，同时在魏玛时期发展交响诗理念。他的音乐兼具宗教沉思、文学想象和惊人的技术爆发力。', '["炫技","交响诗","钢琴改编","主题变形"]'::jsonb, '[{"year":1848,"event":"定居魏玛，专注作曲与指挥。"},{"year":1854,"event":"创作《前奏曲》。"},{"year":1865,"event":"在罗马接受小品级圣职。"}]'::jsonb, '["liszt-la-campanella","liszt-liebestraum","liszt-les-preludes"]'::jsonb, '["chopin","wagner","mahler"]'::jsonb, false),
  ('schumann', 'schumann', 'Robert Schumann', '罗伯特·舒曼', 1810, 1856, '德国', '浪漫主义', '', '早期浪漫主义的文学化声音，以钢琴套曲、艺术歌曲和内心角色塑造见长。', '舒曼的音乐像一组心理速写，常在热情与沉思、幻想与碎片之间切换。他也以评论家身份支持肖邦、勃拉姆斯等同代作曲家。', '["幻想","文学性","钢琴套曲","艺术歌曲"]'::jsonb, '[{"year":1834,"event":"创办《新音乐杂志》。"},{"year":1840,"event":"与克拉拉结婚并创作大量歌曲。"},{"year":1853,"event":"发表文章《新的道路》推介勃拉姆斯。"}]'::jsonb, '["schumann-traumerei","schumann-piano-concerto","schumann-dichterliebe"]'::jsonb, '["chopin","brahms","schubert"]'::jsonb, false),
  ('mendelssohn', 'mendelssohn', 'Felix Mendelssohn', '费利克斯·门德尔松', 1809, 1847, '德国', '浪漫主义', '', '兼具古典清澈与浪漫诗意的作曲家，也推动了巴赫音乐的复兴。', '门德尔松以明亮、流动、结构精巧的音乐著称。他在莱比锡的活动对十九世纪音乐生活影响深远，并通过指挥《马太受难曲》让巴赫重新回到公众视野。', '["清澈","序曲","轻盈","巴赫复兴"]'::jsonb, '[{"year":1826,"event":"创作《仲夏夜之梦》序曲。"},{"year":1829,"event":"指挥巴赫《马太受难曲》。"},{"year":1843,"event":"创办莱比锡音乐学院。"}]'::jsonb, '["mendelssohn-hebrides","mendelssohn-violin-concerto","mendelssohn-songs-without-words"]'::jsonb, '["bach","schumann","brahms"]'::jsonb, false),
  ('brahms', 'brahms', 'Johannes Brahms', '约翰内斯·勃拉姆斯', 1833, 1897, '德国', '浪漫主义', '', '把古典结构与浪漫情感压缩在厚重织体中的德奥传统继承者。', '勃拉姆斯在贝多芬阴影下写作，却发展出独特的内敛力量。他的交响曲、协奏曲和室内乐常以严密发展承载深沉温度。', '["古典结构","厚重织体","室内乐","变奏"]'::jsonb, '[{"year":1853,"event":"结识舒曼夫妇并获得推介。"},{"year":1876,"event":"《第一交响曲》首演。"},{"year":1887,"event":"创作《双重协奏曲》。"}]'::jsonb, '["brahms-symphony-1","brahms-hungarian-dance-5","brahms-violin-concerto"]'::jsonb, '["beethoven","schumann","dvorak"]'::jsonb, true),
  ('tchaikovsky', 'tchaikovsky', 'Pyotr Ilyich Tchaikovsky', '彼得·伊里奇·柴可夫斯基', 1840, 1893, '俄罗斯', '浪漫主义', '', '旋律极富感染力的俄罗斯浪漫主义作曲家，芭蕾、交响曲和协奏曲广受欢迎。', '柴可夫斯基把西欧形式与俄罗斯旋律感结合起来。他的音乐情绪直接、戏剧性强，既适合舞台，也在交响结构中展现命运般的张力。', '["旋律","芭蕾","命运动机","戏剧性"]'::jsonb, '[{"year":1877,"event":"创作《第四交响曲》与《天鹅湖》相关作品。"},{"year":1880,"event":"完成《1812序曲》。"},{"year":1893,"event":"《第六交响曲“悲怆”》首演。"}]'::jsonb, '["tchaikovsky-swan-lake","tchaikovsky-piano-concerto-1","tchaikovsky-pathetique"]'::jsonb, '["dvorak","rachmaninoff","prokofiev"]'::jsonb, true),
  ('dvorak', 'dvorak', 'Antonín Dvořák', '安东宁·德沃夏克', 1841, 1904, '捷克', '民族乐派', '', '将捷克民间气质、德奥结构和新大陆想象融为一体的民族乐派代表。', '德沃夏克的音乐自然、开阔、旋律亲切。他在布拉格与纽约之间建立了民族风格与国际音乐语言的桥梁。', '["民族风格","旋律","交响曲","大提琴"]'::jsonb, '[{"year":1878,"event":"《斯拉夫舞曲》带来国际声誉。"},{"year":1892,"event":"赴纽约任国家音乐学院院长。"},{"year":1893,"event":"完成《新世界交响曲》。"}]'::jsonb, '["dvorak-new-world","dvorak-cello-concerto","dvorak-slavonic-dance"]'::jsonb, '["brahms","tchaikovsky","smetana"]'::jsonb, false),
  ('mahler', 'mahler', 'Gustav Mahler', '古斯塔夫·马勒', 1860, 1911, '奥地利', '浪漫主义', '', '晚期浪漫主义交响世界的拓展者，把歌曲、自然、葬礼和宇宙感纳入巨型结构。', '马勒既是重要指挥家，也是将交响曲推向哲学化、剧场化和自传化的作曲家。他的音乐常在民间旋律、讽刺、狂喜与崩塌之间切换。', '["巨型交响曲","歌曲性","讽刺","宇宙感"]'::jsonb, '[{"year":1888,"event":"完成《第一交响曲》初稿。"},{"year":1897,"event":"任维也纳宫廷歌剧院总监。"},{"year":1908,"event":"《第八交响曲》首演。"}]'::jsonb, '["mahler-symphony-1","mahler-adagietto","mahler-resurrection"]'::jsonb, '["brahms","tchaikovsky","shostakovich"]'::jsonb, false),
  ('debussy', 'debussy', 'Claude Debussy', '克洛德·德彪西', 1862, 1918, '法国', '印象主义', '', '以色彩、和声和流动结构改变了二十世纪音乐听觉的法国作曲家。', '德彪西不喜欢被简单称为印象主义者，但他的音乐确实像光影、水面和气味一样变化。他弱化传统功能和声，打开了音色与时间的新空间。', '["音色","全音阶","水与光","模糊调性"]'::jsonb, '[{"year":1894,"event":"《牧神午后前奏曲》首演。"},{"year":1905,"event":"完成《大海》。"},{"year":1910,"event":"创作钢琴前奏曲集。"}]'::jsonb, '["debussy-clair-de-lune","debussy-la-mer","debussy-faun"]'::jsonb, '["ravel","stravinsky","chopin"]'::jsonb, true),
  ('ravel', 'ravel', 'Maurice Ravel', '莫里斯·拉威尔', 1875, 1937, '法国', '印象主义', '', '精密、冷静而绚丽的法国作曲家，以管弦乐配器和舞蹈节奏著称。', '拉威尔的音乐像精工制作的机械珠宝：轮廓清晰、色彩耀眼、节奏敏锐。他既延续法国音色传统，也吸收西班牙、爵士和舞蹈元素。', '["配器","舞蹈","精密","西班牙色彩"]'::jsonb, '[{"year":1908,"event":"创作《夜之幽灵》。"},{"year":1928,"event":"完成《波莱罗》。"},{"year":1930,"event":"创作《左手钢琴协奏曲》。"}]'::jsonb, '["ravel-bolero","ravel-daphnis","ravel-pavane"]'::jsonb, '["debussy","stravinsky","prokofiev"]'::jsonb, false),
  ('stravinsky', 'stravinsky', 'Igor Stravinsky', '伊戈尔·斯特拉文斯基', 1882, 1971, '俄罗斯 / 法国 / 美国', '现代主义', '', '二十世纪音乐变革的核心人物，从原始主义、 neoclassicism 到序列技法不断转向。', '斯特拉文斯基用节奏、重音和块状音响重塑了现代音乐。他的芭蕾作品震动巴黎，也在后半生持续以清醒、克制的方式重写传统。', '["节奏","芭蕾","新古典","现代主义"]'::jsonb, '[{"year":1910,"event":"《火鸟》在巴黎首演。"},{"year":1913,"event":"《春之祭》首演引发轰动。"},{"year":1920,"event":"进入新古典主义创作阶段。"}]'::jsonb, '["stravinsky-rite","stravinsky-firebird","stravinsky-pulcinella"]'::jsonb, '["debussy","ravel","prokofiev"]'::jsonb, false),
  ('rachmaninoff', 'rachmaninoff', 'Sergei Rachmaninoff', '谢尔盖·拉赫玛尼诺夫', 1873, 1943, '俄罗斯 / 美国', '浪漫主义', '', '晚期浪漫主义钢琴传统的代表，以宽广旋律、钟声和浓烈和声闻名。', '拉赫玛尼诺夫在现代主义兴起时坚持浪漫主义语言，却以高度个人化的旋律和钢琴织体赢得持久热爱。他也是二十世纪最重要的钢琴家之一。', '["钢琴","宽广旋律","钟声","晚期浪漫"]'::jsonb, '[{"year":1901,"event":"《第二钢琴协奏曲》首演成功。"},{"year":1917,"event":"离开俄罗斯。"},{"year":1934,"event":"创作《帕格尼尼主题狂想曲》。"}]'::jsonb, '["rachmaninoff-piano-concerto-2","rachmaninoff-vocalise","rachmaninoff-paganini"]'::jsonb, '["tchaikovsky","chopin","prokofiev"]'::jsonb, false),
  ('prokofiev', 'prokofiev', 'Sergei Prokofiev', '谢尔盖·普罗科菲耶夫', 1891, 1953, '俄罗斯 / 苏联', '现代主义', '', '兼具尖锐节奏、讽刺感、抒情旋律和舞台想象力的二十世纪作曲家。', '普罗科菲耶夫的音乐常带有钢铁般的节奏和机智的反讽，但也能写出令人难忘的抒情旋律。他在钢琴、芭蕾、歌剧和电影音乐中都留下代表作。', '["节奏","讽刺","芭蕾","现代钢琴"]'::jsonb, '[{"year":1917,"event":"创作《第一交响曲“古典”》。"},{"year":1936,"event":"定居苏联并完成《罗密欧与朱丽叶》。"},{"year":1945,"event":"《第五交响曲》首演。"}]'::jsonb, '["prokofiev-classical-symphony","prokofiev-romeo","prokofiev-piano-concerto-3"]'::jsonb, '["stravinsky","shostakovich","rachmaninoff"]'::jsonb, false),
  ('shostakovich', 'shostakovich', 'Dmitri Shostakovich', '德米特里·肖斯塔科维奇', 1906, 1975, '苏联', '现代主义', '', '二十世纪交响曲与弦乐四重奏的重要声音，音乐中充满讽刺、压迫和隐秘独白。', '肖斯塔科维奇在复杂政治环境中写作。他的音乐表面可能是进行曲、舞曲或官方庆典，内部却常有尖锐讽刺、孤独和恐惧。', '["讽刺","交响曲","四重奏","政治阴影"]'::jsonb, '[{"year":1936,"event":"歌剧《姆岑斯克县的麦克白夫人》遭批判。"},{"year":1937,"event":"《第五交响曲》首演。"},{"year":1960,"event":"完成《第八弦乐四重奏》。"}]'::jsonb, '["shostakovich-symphony-5","shostakovich-string-quartet-8","shostakovich-waltz-2"]'::jsonb, '["prokofiev","mahler","stravinsky"]'::jsonb, false)
on conflict (id) do update set
  slug = excluded.slug,
  name = excluded.name,
  name_cn = excluded.name_cn,
  birth_year = excluded.birth_year,
  death_year = excluded.death_year,
  country = excluded.country,
  period = excluded.period,
  portrait_url = excluded.portrait_url,
  short_bio = excluded.short_bio,
  bio = excluded.bio,
  style_tags = excluded.style_tags,
  timeline = excluded.timeline,
  starter_work_ids = excluded.starter_work_ids,
  related_composer_ids = excluded.related_composer_ids,
  featured = excluded.featured;

insert into public.works (id, slug, composer_id, title, title_cn, year, genre, period, description, movements, listening_links, featured) values
  ('bach-cello-suite-1', 'bach-cello-suite-1', 'bach', 'Cello Suite No. 1 in G major', 'G大调第一无伴奏大提琴组曲', 1720, '组曲', '巴洛克', '开篇前奏曲以分解和弦展开，像一座由单线条建成的拱顶，是进入巴赫器乐世界最亲切的入口。', '["Prelude","Allemande","Courante","Sarabande","Menuet I/II","Gigue"]'::jsonb, '[{"platform":"YouTube 搜索","url":"https://www.youtube.com/results?search_query=Bach%20Cello%20Suite%20No.%201"},{"platform":"Apple Music 搜索","url":"https://music.apple.com/search?term=Bach%20Cello%20Suite%20No.%201"}]'::jsonb, true),
  ('bach-brandenburg-3', 'bach-brandenburg-concerto-3', 'bach', 'Brandenburg Concerto No. 3', '第三勃兰登堡协奏曲', 1721, '协奏曲', '巴洛克', '三组三件弦乐器互相追逐，展示巴洛克协奏曲明亮、机敏而层次分明的运动感。', '["Allegro","Adagio","Allegro"]'::jsonb, '[{"platform":"YouTube 搜索","url":"https://www.youtube.com/results?search_query=Bach%20Brandenburg%20Concerto%20No.%203"},{"platform":"Apple Music 搜索","url":"https://music.apple.com/search?term=Bach%20Brandenburg%20Concerto%20No.%203"}]'::jsonb, true),
  ('bach-goldberg', 'bach-goldberg-variations', 'bach', 'Goldberg Variations', '哥德堡变奏曲', 1741, '键盘变奏曲', '巴洛克', '以一首咏叹调为核心展开三十段变奏，是结构、想象力与键盘触感的百科全书。', '[]'::jsonb, '[{"platform":"YouTube 搜索","url":"https://www.youtube.com/results?search_query=Bach%20Goldberg%20Variations"},{"platform":"Apple Music 搜索","url":"https://music.apple.com/search?term=Bach%20Goldberg%20Variations"}]'::jsonb, false),
  ('handel-messiah', 'handel-messiah', 'handel', 'Messiah', '弥赛亚', 1741, '清唱剧', '巴洛克', '英语清唱剧经典，合唱《哈利路亚》成为最具辨识度的巴洛克庆典时刻之一。', '[]'::jsonb, '[{"platform":"YouTube 搜索","url":"https://www.youtube.com/results?search_query=Handel%20Messiah%20Hallelujah"},{"platform":"Apple Music 搜索","url":"https://music.apple.com/search?term=Handel%20Messiah%20Hallelujah"}]'::jsonb, false),
  ('handel-water-music', 'handel-water-music', 'handel', 'Water Music', '水上音乐', 1717, '管弦乐组曲', '巴洛克', '为泰晤士河皇家游船活动而作，明亮铜管和舞曲节奏带来户外庆典感。', '[]'::jsonb, '[{"platform":"YouTube 搜索","url":"https://www.youtube.com/results?search_query=Handel%20Water%20Music"},{"platform":"Apple Music 搜索","url":"https://music.apple.com/search?term=Handel%20Water%20Music"}]'::jsonb, false),
  ('handel-fireworks', 'handel-fireworks-music', 'handel', 'Music for the Royal Fireworks', '皇家烟火音乐', 1749, '管弦乐组曲', '巴洛克', '以庄严序曲和灿烂管乐塑造公共仪式的辉煌声响。', '[]'::jsonb, '[{"platform":"YouTube 搜索","url":"https://www.youtube.com/results?search_query=Handel%20Royal%20Fireworks%20Music"},{"platform":"Apple Music 搜索","url":"https://music.apple.com/search?term=Handel%20Royal%20Fireworks%20Music"}]'::jsonb, false),
  ('mozart-symphony-40', 'mozart-symphony-40', 'mozart', 'Symphony No. 40 in G minor', 'g小调第四十交响曲', 1788, '交响曲', '古典主义', '少见的小调莫扎特交响曲，第一乐章焦灼而优雅，兼具古典比例和浪漫预感。', '[]'::jsonb, '[{"platform":"YouTube 搜索","url":"https://www.youtube.com/results?search_query=Mozart%20Symphony%20No.%2040"},{"platform":"Apple Music 搜索","url":"https://music.apple.com/search?term=Mozart%20Symphony%20No.%2040"}]'::jsonb, false),
  ('mozart-piano-concerto-21', 'mozart-piano-concerto-21', 'mozart', 'Piano Concerto No. 21', '第二十一钢琴协奏曲', 1785, '协奏曲', '古典主义', '第二乐章如歌的宁静旋律广为人知，钢琴与乐队之间像亲密对话。', '[]'::jsonb, '[{"platform":"YouTube 搜索","url":"https://www.youtube.com/results?search_query=Mozart%20Piano%20Concerto%20No.%2021"},{"platform":"Apple Music 搜索","url":"https://music.apple.com/search?term=Mozart%20Piano%20Concerto%20No.%2021"}]'::jsonb, false),
  ('mozart-requiem', 'mozart-requiem', 'mozart', 'Requiem in D minor', 'd小调安魂曲', 1791, '宗教声乐', '古典主义', '莫扎特最后的未竟之作，阴影、戏剧和宗教仪式感交织。', '[]'::jsonb, '[{"platform":"YouTube 搜索","url":"https://www.youtube.com/results?search_query=Mozart%20Requiem"},{"platform":"Apple Music 搜索","url":"https://music.apple.com/search?term=Mozart%20Requiem"}]'::jsonb, false),
  ('haydn-surprise', 'haydn-surprise-symphony', 'haydn', 'Symphony No. 94 Surprise', '第九十四交响曲“惊愕”', 1791, '交响曲', '古典主义', '第二乐章的突然强音体现海顿标志性的幽默，也展示古典主题变奏的清晰魅力。', '[]'::jsonb, '[{"platform":"YouTube 搜索","url":"https://www.youtube.com/results?search_query=Haydn%20Surprise%20Symphony"},{"platform":"Apple Music 搜索","url":"https://music.apple.com/search?term=Haydn%20Surprise%20Symphony"}]'::jsonb, false),
  ('haydn-emperor-quartet', 'haydn-emperor-quartet', 'haydn', 'String Quartet Op. 76 No. 3 Emperor', '皇帝弦乐四重奏', 1797, '弦乐四重奏', '古典主义', '四件弦乐器在亲密空间中展开高贵主题，是理解古典室内乐的理想入口。', '[]'::jsonb, '[{"platform":"YouTube 搜索","url":"https://www.youtube.com/results?search_query=Haydn%20Emperor%20Quartet"},{"platform":"Apple Music 搜索","url":"https://music.apple.com/search?term=Haydn%20Emperor%20Quartet"}]'::jsonb, false),
  ('haydn-creation', 'haydn-the-creation', 'haydn', 'The Creation', '创世纪', 1798, '清唱剧', '古典主义', '以合唱、独唱和乐队描绘宇宙诞生，兼具宗教崇高与启蒙时代的明亮。', '[]'::jsonb, '[{"platform":"YouTube 搜索","url":"https://www.youtube.com/results?search_query=Haydn%20The%20Creation"},{"platform":"Apple Music 搜索","url":"https://music.apple.com/search?term=Haydn%20The%20Creation"}]'::jsonb, false),
  ('beethoven-symphony-5', 'beethoven-symphony-5', 'beethoven', 'Symphony No. 5 in C minor', 'c小调第五交响曲', 1808, '交响曲', '古典主义', '四音动机贯穿全曲，从紧张冲突走向胜利光明，是交响戏剧的经典范式。', '[]'::jsonb, '[{"platform":"YouTube 搜索","url":"https://www.youtube.com/results?search_query=Beethoven%20Symphony%20No.%205"},{"platform":"Apple Music 搜索","url":"https://music.apple.com/search?term=Beethoven%20Symphony%20No.%205"}]'::jsonb, true),
  ('beethoven-moonlight', 'beethoven-moonlight-sonata', 'beethoven', 'Piano Sonata No. 14 Moonlight', '第十四钢琴奏鸣曲“月光”', 1801, '钢琴奏鸣曲', '古典主义', '从静默摇曳的第一乐章到暴风般的终曲，展现贝多芬钢琴语言的戏剧跨度。', '[]'::jsonb, '[{"platform":"YouTube 搜索","url":"https://www.youtube.com/results?search_query=Beethoven%20Moonlight%20Sonata"},{"platform":"Apple Music 搜索","url":"https://music.apple.com/search?term=Beethoven%20Moonlight%20Sonata"}]'::jsonb, false),
  ('beethoven-symphony-9', 'beethoven-symphony-9', 'beethoven', 'Symphony No. 9 in D minor', 'd小调第九交响曲', 1824, '交响曲', '古典主义', '终乐章引入人声与《欢乐颂》，把交响曲扩展为人类共同体的宣言。', '[]'::jsonb, '[{"platform":"YouTube 搜索","url":"https://www.youtube.com/results?search_query=Beethoven%20Symphony%20No.%209"},{"platform":"Apple Music 搜索","url":"https://music.apple.com/search?term=Beethoven%20Symphony%20No.%209"}]'::jsonb, false),
  ('schubert-erlkonig', 'schubert-erlkonig', 'schubert', 'Erlkönig', '魔王', 1815, '艺术歌曲', '浪漫主义', '钢琴急促三连音模拟疾驰马蹄，一位歌者分饰多个角色，浓缩戏剧张力。', '[]'::jsonb, '[{"platform":"YouTube 搜索","url":"https://www.youtube.com/results?search_query=Schubert%20Erlk%C3%B6nig"},{"platform":"Apple Music 搜索","url":"https://music.apple.com/search?term=Schubert%20Erlk%C3%B6nig"}]'::jsonb, false),
  ('schubert-unfinished', 'schubert-unfinished-symphony', 'schubert', 'Symphony No. 8 Unfinished', '第八交响曲“未完成”', 1822, '交响曲', '浪漫主义', '两个乐章已足以构成完整精神世界，低声部开端带来神秘而孤独的远景。', '[]'::jsonb, '[{"platform":"YouTube 搜索","url":"https://www.youtube.com/results?search_query=Schubert%20Unfinished%20Symphony"},{"platform":"Apple Music 搜索","url":"https://music.apple.com/search?term=Schubert%20Unfinished%20Symphony"}]'::jsonb, false),
  ('schubert-trout', 'schubert-trout-quintet', 'schubert', 'Trout Quintet', '鳟鱼五重奏', 1819, '室内乐', '浪漫主义', '以歌曲《鳟鱼》主题展开变奏，清澈、活泼，充满室内乐的亲密光泽。', '[]'::jsonb, '[{"platform":"YouTube 搜索","url":"https://www.youtube.com/results?search_query=Schubert%20Trout%20Quintet"},{"platform":"Apple Music 搜索","url":"https://music.apple.com/search?term=Schubert%20Trout%20Quintet"}]'::jsonb, false),
  ('chopin-nocturne-op9-2', 'chopin-nocturne-op9-2', 'chopin', 'Nocturne Op. 9 No. 2', '降E大调夜曲 Op.9 No.2', 1832, '钢琴小品', '浪漫主义', '右手旋律如歌剧咏叹调般装饰，左手伴奏轻柔摆动，是肖邦式夜色的代表。', '[]'::jsonb, '[{"platform":"YouTube 搜索","url":"https://www.youtube.com/results?search_query=Chopin%20Nocturne%20Op.%209%20No.%202"},{"platform":"Apple Music 搜索","url":"https://music.apple.com/search?term=Chopin%20Nocturne%20Op.%209%20No.%202"}]'::jsonb, true),
  ('chopin-ballade-1', 'chopin-ballade-1', 'chopin', 'Ballade No. 1 in G minor', 'g小调第一叙事曲', 1835, '钢琴叙事曲', '浪漫主义', '从低声叙述发展到炽烈高潮，是肖邦把文学叙事转化为钢琴戏剧的标志。', '[]'::jsonb, '[{"platform":"YouTube 搜索","url":"https://www.youtube.com/results?search_query=Chopin%20Ballade%20No.%201"},{"platform":"Apple Music 搜索","url":"https://music.apple.com/search?term=Chopin%20Ballade%20No.%201"}]'::jsonb, false),
  ('chopin-polonaise-heroic', 'chopin-heroic-polonaise', 'chopin', 'Polonaise in A-flat major Heroic', '降A大调英雄波兰舞曲', 1842, '钢琴舞曲', '浪漫主义', '以庄严节奏和宽广音域唤起民族记忆与英雄姿态。', '[]'::jsonb, '[{"platform":"YouTube 搜索","url":"https://www.youtube.com/results?search_query=Chopin%20Heroic%20Polonaise"},{"platform":"Apple Music 搜索","url":"https://music.apple.com/search?term=Chopin%20Heroic%20Polonaise"}]'::jsonb, false),
  ('liszt-la-campanella', 'liszt-la-campanella', 'liszt', 'La campanella', '钟', 1851, '钢琴练习曲', '浪漫主义', '高音铃声般的跳跃与闪烁音型，是李斯特炫技美学的代表。', '[]'::jsonb, '[{"platform":"YouTube 搜索","url":"https://www.youtube.com/results?search_query=Liszt%20La%20campanella"},{"platform":"Apple Music 搜索","url":"https://music.apple.com/search?term=Liszt%20La%20campanella"}]'::jsonb, false),
  ('liszt-liebestraum', 'liszt-liebestraum-no-3', 'liszt', 'Liebesträume No. 3', '爱之梦第三首', 1850, '钢琴小品', '浪漫主义', '华丽织体包裹着宽广旋律，展示李斯特抒情而温柔的一面。', '[]'::jsonb, '[{"platform":"YouTube 搜索","url":"https://www.youtube.com/results?search_query=Liszt%20Liebestraum%20No.%203"},{"platform":"Apple Music 搜索","url":"https://music.apple.com/search?term=Liszt%20Liebestraum%20No.%203"}]'::jsonb, false),
  ('liszt-les-preludes', 'liszt-les-preludes', 'liszt', 'Les Préludes', '前奏曲', 1854, '交响诗', '浪漫主义', '以主题变形组织大型管弦乐篇章，是交响诗体裁的重要样本。', '[]'::jsonb, '[{"platform":"YouTube 搜索","url":"https://www.youtube.com/results?search_query=Liszt%20Les%20Pr%C3%A9ludes"},{"platform":"Apple Music 搜索","url":"https://music.apple.com/search?term=Liszt%20Les%20Pr%C3%A9ludes"}]'::jsonb, false),
  ('schumann-traumerei', 'schumann-traumerei', 'schumann', 'Träumerei', '梦幻曲', 1838, '钢琴小品', '浪漫主义', '短小而纯净的旋律像回忆中的儿童世界，是《童年情景》中最著名的一首。', '[]'::jsonb, '[{"platform":"YouTube 搜索","url":"https://www.youtube.com/results?search_query=Schumann%20Tr%C3%A4umerei"},{"platform":"Apple Music 搜索","url":"https://music.apple.com/search?term=Schumann%20Tr%C3%A4umerei"}]'::jsonb, false),
  ('schumann-piano-concerto', 'schumann-piano-concerto', 'schumann', 'Piano Concerto in A minor', 'a小调钢琴协奏曲', 1845, '协奏曲', '浪漫主义', '钢琴与乐队不再对抗，而像诗意伙伴一样互相接续。', '[]'::jsonb, '[{"platform":"YouTube 搜索","url":"https://www.youtube.com/results?search_query=Schumann%20Piano%20Concerto"},{"platform":"Apple Music 搜索","url":"https://music.apple.com/search?term=Schumann%20Piano%20Concerto"}]'::jsonb, false),
  ('schumann-dichterliebe', 'schumann-dichterliebe', 'schumann', 'Dichterliebe', '诗人之恋', 1840, '艺术歌曲', '浪漫主义', '以海涅诗歌为基础，钢琴尾声常说出歌声无法言尽的情绪。', '[]'::jsonb, '[{"platform":"YouTube 搜索","url":"https://www.youtube.com/results?search_query=Schumann%20Dichterliebe"},{"platform":"Apple Music 搜索","url":"https://music.apple.com/search?term=Schumann%20Dichterliebe"}]'::jsonb, false),
  ('mendelssohn-hebrides', 'mendelssohn-hebrides-overture', 'mendelssohn', 'The Hebrides Overture', '赫布里底群岛序曲', 1830, '音乐会序曲', '浪漫主义', '海浪般的开端把旅行印象转化为管弦乐风景。', '[]'::jsonb, '[{"platform":"YouTube 搜索","url":"https://www.youtube.com/results?search_query=Mendelssohn%20Hebrides%20Overture"},{"platform":"Apple Music 搜索","url":"https://music.apple.com/search?term=Mendelssohn%20Hebrides%20Overture"}]'::jsonb, false),
  ('mendelssohn-violin-concerto', 'mendelssohn-violin-concerto', 'mendelssohn', 'Violin Concerto in E minor', 'e小调小提琴协奏曲', 1844, '协奏曲', '浪漫主义', '独奏小提琴从开头直接进入主题，旋律流畅而结构精巧。', '[]'::jsonb, '[{"platform":"YouTube 搜索","url":"https://www.youtube.com/results?search_query=Mendelssohn%20Violin%20Concerto"},{"platform":"Apple Music 搜索","url":"https://music.apple.com/search?term=Mendelssohn%20Violin%20Concerto"}]'::jsonb, false),
  ('mendelssohn-songs-without-words', 'mendelssohn-songs-without-words', 'mendelssohn', 'Songs Without Words', '无词歌', 1845, '钢琴小品', '浪漫主义', '让钢琴像歌者一样表达亲密情绪，适合作为浪漫主义钢琴入门。', '[]'::jsonb, '[{"platform":"YouTube 搜索","url":"https://www.youtube.com/results?search_query=Mendelssohn%20Songs%20Without%20Words"},{"platform":"Apple Music 搜索","url":"https://music.apple.com/search?term=Mendelssohn%20Songs%20Without%20Words"}]'::jsonb, false),
  ('brahms-symphony-1', 'brahms-symphony-1', 'brahms', 'Symphony No. 1 in C minor', 'c小调第一交响曲', 1876, '交响曲', '浪漫主义', '历经多年写成，终乐章常被听作向贝多芬传统的回应。', '[]'::jsonb, '[{"platform":"YouTube 搜索","url":"https://www.youtube.com/results?search_query=Brahms%20Symphony%20No.%201"},{"platform":"Apple Music 搜索","url":"https://music.apple.com/search?term=Brahms%20Symphony%20No.%201"}]'::jsonb, false),
  ('brahms-hungarian-dance-5', 'brahms-hungarian-dance-5', 'brahms', 'Hungarian Dance No. 5', '第五匈牙利舞曲', 1869, '舞曲', '浪漫主义', '速度弹性和热烈旋律让它成为勃拉姆斯最受欢迎的小品之一。', '[]'::jsonb, '[{"platform":"YouTube 搜索","url":"https://www.youtube.com/results?search_query=Brahms%20Hungarian%20Dance%20No.%205"},{"platform":"Apple Music 搜索","url":"https://music.apple.com/search?term=Brahms%20Hungarian%20Dance%20No.%205"}]'::jsonb, false),
  ('brahms-violin-concerto', 'brahms-violin-concerto', 'brahms', 'Violin Concerto in D major', 'D大调小提琴协奏曲', 1878, '协奏曲', '浪漫主义', '宏阔的交响性与小提琴歌唱性并重，是德奥协奏曲传统核心作品。', '[]'::jsonb, '[{"platform":"YouTube 搜索","url":"https://www.youtube.com/results?search_query=Brahms%20Violin%20Concerto"},{"platform":"Apple Music 搜索","url":"https://music.apple.com/search?term=Brahms%20Violin%20Concerto"}]'::jsonb, false),
  ('tchaikovsky-swan-lake', 'tchaikovsky-swan-lake', 'tchaikovsky', 'Swan Lake', '天鹅湖', 1876, '芭蕾', '浪漫主义', '天鹅主题优雅而忧伤，奠定了古典芭蕾音乐的典范声音。', '[]'::jsonb, '[{"platform":"YouTube 搜索","url":"https://www.youtube.com/results?search_query=Tchaikovsky%20Swan%20Lake"},{"platform":"Apple Music 搜索","url":"https://music.apple.com/search?term=Tchaikovsky%20Swan%20Lake"}]'::jsonb, false),
  ('tchaikovsky-piano-concerto-1', 'tchaikovsky-piano-concerto-1', 'tchaikovsky', 'Piano Concerto No. 1', '第一钢琴协奏曲', 1875, '协奏曲', '浪漫主义', '开头的宏大和弦与宽广旋律极具标志性，音乐情绪外放而热烈。', '[]'::jsonb, '[{"platform":"YouTube 搜索","url":"https://www.youtube.com/results?search_query=Tchaikovsky%20Piano%20Concerto%20No.%201"},{"platform":"Apple Music 搜索","url":"https://music.apple.com/search?term=Tchaikovsky%20Piano%20Concerto%20No.%201"}]'::jsonb, true),
  ('tchaikovsky-pathetique', 'tchaikovsky-pathetique', 'tchaikovsky', 'Symphony No. 6 Pathétique', '第六交响曲“悲怆”', 1893, '交响曲', '浪漫主义', '以慢乐章结束全曲，像一场从激情走向熄灭的私人告白。', '[]'::jsonb, '[{"platform":"YouTube 搜索","url":"https://www.youtube.com/results?search_query=Tchaikovsky%20Symphony%20No.%206%20Path%C3%A9tique"},{"platform":"Apple Music 搜索","url":"https://music.apple.com/search?term=Tchaikovsky%20Symphony%20No.%206%20Path%C3%A9tique"}]'::jsonb, false),
  ('dvorak-new-world', 'dvorak-new-world-symphony', 'dvorak', 'Symphony No. 9 From the New World', '第九交响曲“自新大陆”', 1893, '交响曲', '民族乐派', '把新大陆印象、民歌气质和捷克乡愁熔为壮阔交响篇章。', '[]'::jsonb, '[{"platform":"YouTube 搜索","url":"https://www.youtube.com/results?search_query=Dvorak%20New%20World%20Symphony"},{"platform":"Apple Music 搜索","url":"https://music.apple.com/search?term=Dvorak%20New%20World%20Symphony"}]'::jsonb, true),
  ('dvorak-cello-concerto', 'dvorak-cello-concerto', 'dvorak', 'Cello Concerto in B minor', 'b小调大提琴协奏曲', 1895, '协奏曲', '民族乐派', '大提琴以罕见的交响性和歌唱性展开，是该体裁最高峰之一。', '[]'::jsonb, '[{"platform":"YouTube 搜索","url":"https://www.youtube.com/results?search_query=Dvorak%20Cello%20Concerto"},{"platform":"Apple Music 搜索","url":"https://music.apple.com/search?term=Dvorak%20Cello%20Concerto"}]'::jsonb, false),
  ('dvorak-slavonic-dance', 'dvorak-slavonic-dance-op46-8', 'dvorak', 'Slavonic Dance Op. 46 No. 8', '斯拉夫舞曲 Op.46 No.8', 1878, '舞曲', '民族乐派', '民间舞蹈节奏与明亮配器结合，展现德沃夏克亲切而热烈的民族风格。', '[]'::jsonb, '[{"platform":"YouTube 搜索","url":"https://www.youtube.com/results?search_query=Dvorak%20Slavonic%20Dance%20Op.46%20No.8"},{"platform":"Apple Music 搜索","url":"https://music.apple.com/search?term=Dvorak%20Slavonic%20Dance%20Op.46%20No.8"}]'::jsonb, false),
  ('mahler-symphony-1', 'mahler-symphony-1', 'mahler', 'Symphony No. 1 Titan', '第一交响曲“巨人”', 1888, '交响曲', '浪漫主义', '从自然苏醒到葬礼进行曲和终曲爆发，马勒的交响宇宙由此展开。', '[]'::jsonb, '[{"platform":"YouTube 搜索","url":"https://www.youtube.com/results?search_query=Mahler%20Symphony%20No.%201%20Titan"},{"platform":"Apple Music 搜索","url":"https://music.apple.com/search?term=Mahler%20Symphony%20No.%201%20Titan"}]'::jsonb, false),
  ('mahler-adagietto', 'mahler-adagietto', 'mahler', 'Adagietto from Symphony No. 5', '第五交响曲小柔板', 1902, '交响曲乐章', '浪漫主义', '弦乐与竖琴构成近乎无声的情书，是马勒最柔软的片段之一。', '[]'::jsonb, '[{"platform":"YouTube 搜索","url":"https://www.youtube.com/results?search_query=Mahler%20Adagietto"},{"platform":"Apple Music 搜索","url":"https://music.apple.com/search?term=Mahler%20Adagietto"}]'::jsonb, false),
  ('mahler-resurrection', 'mahler-symphony-2-resurrection', 'mahler', 'Symphony No. 2 Resurrection', '第二交响曲“复活”', 1894, '交响曲', '浪漫主义', '从死亡追问走向合唱的复活宣告，规模宏大而精神张力强烈。', '[]'::jsonb, '[{"platform":"YouTube 搜索","url":"https://www.youtube.com/results?search_query=Mahler%20Symphony%20No.%202%20Resurrection"},{"platform":"Apple Music 搜索","url":"https://music.apple.com/search?term=Mahler%20Symphony%20No.%202%20Resurrection"}]'::jsonb, false),
  ('debussy-clair-de-lune', 'debussy-clair-de-lune', 'debussy', 'Clair de lune', '月光', 1905, '钢琴小品', '印象主义', '柔和和声与流动节奏营造月色般的朦胧，是德彪西最受欢迎的钢琴作品。', '[]'::jsonb, '[{"platform":"YouTube 搜索","url":"https://www.youtube.com/results?search_query=Debussy%20Clair%20de%20lune"},{"platform":"Apple Music 搜索","url":"https://music.apple.com/search?term=Debussy%20Clair%20de%20lune"}]'::jsonb, true),
  ('debussy-la-mer', 'debussy-la-mer', 'debussy', 'La Mer', '大海', 1905, '管弦乐', '印象主义', '不是描摹海浪，而是让光、风和水的运动成为管弦乐结构。', '[]'::jsonb, '[{"platform":"YouTube 搜索","url":"https://www.youtube.com/results?search_query=Debussy%20La%20Mer"},{"platform":"Apple Music 搜索","url":"https://music.apple.com/search?term=Debussy%20La%20Mer"}]'::jsonb, false),
  ('debussy-faun', 'debussy-faun', 'debussy', 'Prélude à l''après-midi d''un faune', '牧神午后前奏曲', 1894, '管弦乐前奏曲', '印象主义', '长笛开头像午后梦境的第一缕热气，常被视为现代音乐的开端之一。', '[]'::jsonb, '[{"platform":"YouTube 搜索","url":"https://www.youtube.com/results?search_query=Debussy%20Prelude%20to%20the%20Afternoon%20of%20a%20Faun"},{"platform":"Apple Music 搜索","url":"https://music.apple.com/search?term=Debussy%20Prelude%20to%20the%20Afternoon%20of%20a%20Faun"}]'::jsonb, false),
  ('ravel-bolero', 'ravel-bolero', 'ravel', 'Boléro', '波莱罗', 1928, '管弦乐', '印象主义', '单一节奏和主题不断重复，通过配器和力度累积形成不可阻挡的推进。', '[]'::jsonb, '[{"platform":"YouTube 搜索","url":"https://www.youtube.com/results?search_query=Ravel%20Bolero"},{"platform":"Apple Music 搜索","url":"https://music.apple.com/search?term=Ravel%20Bolero"}]'::jsonb, false),
  ('ravel-daphnis', 'ravel-daphnis-et-chloe', 'ravel', 'Daphnis et Chloé', '达夫尼与克洛埃', 1912, '芭蕾', '印象主义', '绚丽管弦乐和合唱色彩构成拉威尔最奢华的音响画卷。', '[]'::jsonb, '[{"platform":"YouTube 搜索","url":"https://www.youtube.com/results?search_query=Ravel%20Daphnis%20et%20Chloe"},{"platform":"Apple Music 搜索","url":"https://music.apple.com/search?term=Ravel%20Daphnis%20et%20Chloe"}]'::jsonb, false),
  ('ravel-pavane', 'ravel-pavane', 'ravel', 'Pavane pour une infante défunte', '悼念公主的帕凡舞曲', 1899, '钢琴 / 管弦乐', '印象主义', '古老舞曲节奏与优雅哀愁结合，像一幅褪色宫廷画像。', '[]'::jsonb, '[{"platform":"YouTube 搜索","url":"https://www.youtube.com/results?search_query=Ravel%20Pavane%20for%20a%20Dead%20Princess"},{"platform":"Apple Music 搜索","url":"https://music.apple.com/search?term=Ravel%20Pavane%20for%20a%20Dead%20Princess"}]'::jsonb, false),
  ('stravinsky-rite', 'stravinsky-rite-of-spring', 'stravinsky', 'The Rite of Spring', '春之祭', 1913, '芭蕾', '现代主义', '强烈节奏、不规则重音和原始祭祀想象震动了二十世纪音乐。', '[]'::jsonb, '[{"platform":"YouTube 搜索","url":"https://www.youtube.com/results?search_query=Stravinsky%20The%20Rite%20of%20Spring"},{"platform":"Apple Music 搜索","url":"https://music.apple.com/search?term=Stravinsky%20The%20Rite%20of%20Spring"}]'::jsonb, true),
  ('stravinsky-firebird', 'stravinsky-firebird', 'stravinsky', 'The Firebird', '火鸟', 1910, '芭蕾', '现代主义', '俄罗斯童话、绚丽配器和戏剧推进结合，使斯特拉文斯基一举成名。', '[]'::jsonb, '[{"platform":"YouTube 搜索","url":"https://www.youtube.com/results?search_query=Stravinsky%20Firebird"},{"platform":"Apple Music 搜索","url":"https://music.apple.com/search?term=Stravinsky%20Firebird"}]'::jsonb, false),
  ('stravinsky-pulcinella', 'stravinsky-pulcinella', 'stravinsky', 'Pulcinella', '普钦奈拉', 1920, '芭蕾组曲', '现代主义', '以十八世纪材料为起点，开启斯特拉文斯基的新古典主义阶段。', '[]'::jsonb, '[{"platform":"YouTube 搜索","url":"https://www.youtube.com/results?search_query=Stravinsky%20Pulcinella"},{"platform":"Apple Music 搜索","url":"https://music.apple.com/search?term=Stravinsky%20Pulcinella"}]'::jsonb, false),
  ('rachmaninoff-piano-concerto-2', 'rachmaninoff-piano-concerto-2', 'rachmaninoff', 'Piano Concerto No. 2', '第二钢琴协奏曲', 1901, '协奏曲', '浪漫主义', '钟声般开头后展开宽广旋律，是晚期浪漫主义钢琴协奏曲的代表。', '[]'::jsonb, '[{"platform":"YouTube 搜索","url":"https://www.youtube.com/results?search_query=Rachmaninoff%20Piano%20Concerto%20No.%202"},{"platform":"Apple Music 搜索","url":"https://music.apple.com/search?term=Rachmaninoff%20Piano%20Concerto%20No.%202"}]'::jsonb, false),
  ('rachmaninoff-vocalise', 'rachmaninoff-vocalise', 'rachmaninoff', 'Vocalise', '练声曲', 1915, '声乐 / 器乐改编', '浪漫主义', '无词旋律像长长的叹息，被改编为各种乐器版本。', '[]'::jsonb, '[{"platform":"YouTube 搜索","url":"https://www.youtube.com/results?search_query=Rachmaninoff%20Vocalise"},{"platform":"Apple Music 搜索","url":"https://music.apple.com/search?term=Rachmaninoff%20Vocalise"}]'::jsonb, false),
  ('rachmaninoff-paganini', 'rachmaninoff-paganini-rhapsody', 'rachmaninoff', 'Rhapsody on a Theme of Paganini', '帕格尼尼主题狂想曲', 1934, '钢琴与乐队', '浪漫主义', '第十八变奏以倒影般的旋律成为二十世纪最动人的浪漫时刻之一。', '[]'::jsonb, '[{"platform":"YouTube 搜索","url":"https://www.youtube.com/results?search_query=Rachmaninoff%20Rhapsody%20on%20a%20Theme%20of%20Paganini"},{"platform":"Apple Music 搜索","url":"https://music.apple.com/search?term=Rachmaninoff%20Rhapsody%20on%20a%20Theme%20of%20Paganini"}]'::jsonb, false),
  ('prokofiev-classical-symphony', 'prokofiev-classical-symphony', 'prokofiev', 'Symphony No. 1 Classical', '第一交响曲“古典”', 1917, '交响曲', '现代主义', '以海顿式透明形式写出现代机智，短小、明亮而锋利。', '[]'::jsonb, '[{"platform":"YouTube 搜索","url":"https://www.youtube.com/results?search_query=Prokofiev%20Classical%20Symphony"},{"platform":"Apple Music 搜索","url":"https://music.apple.com/search?term=Prokofiev%20Classical%20Symphony"}]'::jsonb, false),
  ('prokofiev-romeo', 'prokofiev-romeo-and-juliet', 'prokofiev', 'Romeo and Juliet', '罗密欧与朱丽叶', 1936, '芭蕾', '现代主义', '尖锐节奏与动人爱情主题并存，《骑士之舞》尤其具有压迫感。', '[]'::jsonb, '[{"platform":"YouTube 搜索","url":"https://www.youtube.com/results?search_query=Prokofiev%20Romeo%20and%20Juliet"},{"platform":"Apple Music 搜索","url":"https://music.apple.com/search?term=Prokofiev%20Romeo%20and%20Juliet"}]'::jsonb, false),
  ('prokofiev-piano-concerto-3', 'prokofiev-piano-concerto-3', 'prokofiev', 'Piano Concerto No. 3', '第三钢琴协奏曲', 1921, '协奏曲', '现代主义', '钢琴像打击乐与歌唱者的混合体，闪烁、犀利而富有舞台感。', '[]'::jsonb, '[{"platform":"YouTube 搜索","url":"https://www.youtube.com/results?search_query=Prokofiev%20Piano%20Concerto%20No.%203"},{"platform":"Apple Music 搜索","url":"https://music.apple.com/search?term=Prokofiev%20Piano%20Concerto%20No.%203"}]'::jsonb, false),
  ('shostakovich-symphony-5', 'shostakovich-symphony-5', 'shostakovich', 'Symphony No. 5', '第五交响曲', 1937, '交响曲', '现代主义', '表面胜利的终曲之下潜藏紧张与苦涩，是二十世纪交响曲中最复杂的文本之一。', '[]'::jsonb, '[{"platform":"YouTube 搜索","url":"https://www.youtube.com/results?search_query=Shostakovich%20Symphony%20No.%205"},{"platform":"Apple Music 搜索","url":"https://music.apple.com/search?term=Shostakovich%20Symphony%20No.%205"}]'::jsonb, false),
  ('shostakovich-string-quartet-8', 'shostakovich-string-quartet-8', 'shostakovich', 'String Quartet No. 8', '第八弦乐四重奏', 1960, '弦乐四重奏', '现代主义', '以作曲家姓名动机构成近乎自传式的独白，短促而灼人。', '[]'::jsonb, '[{"platform":"YouTube 搜索","url":"https://www.youtube.com/results?search_query=Shostakovich%20String%20Quartet%20No.%208"},{"platform":"Apple Music 搜索","url":"https://music.apple.com/search?term=Shostakovich%20String%20Quartet%20No.%208"}]'::jsonb, false),
  ('shostakovich-waltz-2', 'shostakovich-waltz-2', 'shostakovich', 'Waltz No. 2', '第二圆舞曲', 1956, '管弦乐小品', '现代主义', '旋律优雅却带着淡淡疏离感，像一场明亮灯光下的苦笑。', '[]'::jsonb, '[{"platform":"YouTube 搜索","url":"https://www.youtube.com/results?search_query=Shostakovich%20Waltz%20No.%202"},{"platform":"Apple Music 搜索","url":"https://music.apple.com/search?term=Shostakovich%20Waltz%20No.%202"}]'::jsonb, false)
on conflict (id) do update set
  slug = excluded.slug,
  composer_id = excluded.composer_id,
  title = excluded.title,
  title_cn = excluded.title_cn,
  year = excluded.year,
  genre = excluded.genre,
  period = excluded.period,
  description = excluded.description,
  movements = excluded.movements,
  listening_links = excluded.listening_links,
  featured = excluded.featured;

insert into public.performances (id, title, city, venue, starts_at, artists, program, ticket_url, source_url, source_name) values
  ('perf-001', '从巴赫到贝多芬：古典入门音乐会', '上海', '上海交响音乐厅', '2026-07-04T19:30:00+08:00', '["上海节日室内乐团","指挥：林舟"]'::jsonb, '[{"composerId":"bach","workId":"bach-brandenburg-3","displayTitle":"巴赫：第三勃兰登堡协奏曲"},{"composerId":"beethoven","workId":"beethoven-symphony-5","displayTitle":"贝多芬：第五交响曲"}]'::jsonb, 'https://example.com/tickets/shanghai-bach-beethoven', 'https://example.com/source/shanghai-bach-beethoven', '演出样例数据'),
  ('perf-002', '莫扎特与海顿的维也纳夜晚', '北京', '国家大剧院音乐厅', '2026-07-11T19:30:00+08:00', '["北京古典乐团","钢琴：周宁"]'::jsonb, '[{"composerId":"haydn","workId":"haydn-surprise","displayTitle":"海顿：第九十四交响曲“惊愕”"},{"composerId":"mozart","workId":"mozart-piano-concerto-21","displayTitle":"莫扎特：第二十一钢琴协奏曲"}]'::jsonb, 'https://example.com/tickets/vienna-night', 'https://example.com/source/vienna-night', '演出样例数据'),
  ('perf-003', '肖邦与李斯特：钢琴诗意与炫技', '广州', '星海音乐厅', '2026-07-18T20:00:00+08:00', '["钢琴：陈一鸣"]'::jsonb, '[{"composerId":"chopin","workId":"chopin-nocturne-op9-2","displayTitle":"肖邦：降E大调夜曲 Op.9 No.2"},{"composerId":"chopin","workId":"chopin-ballade-1","displayTitle":"肖邦：第一叙事曲"},{"composerId":"liszt","workId":"liszt-la-campanella","displayTitle":"李斯特：钟"}]'::jsonb, 'https://example.com/tickets/chopin-liszt', 'https://example.com/source/chopin-liszt', '演出样例数据'),
  ('perf-004', '德沃夏克《新世界》与民族乐派', '深圳', '深圳音乐厅', '2026-07-25T19:30:00+08:00', '["深圳青年交响乐团","指挥：黄言"]'::jsonb, '[{"composerId":"dvorak","workId":"dvorak-slavonic-dance","displayTitle":"德沃夏克：斯拉夫舞曲 Op.46 No.8"},{"composerId":"dvorak","workId":"dvorak-new-world","displayTitle":"德沃夏克：第九交响曲“自新大陆”"}]'::jsonb, 'https://example.com/tickets/new-world', 'https://example.com/source/new-world', '演出样例数据'),
  ('perf-005', '法兰西印象：德彪西与拉威尔', '成都', '成都城市音乐厅', '2026-08-01T19:30:00+08:00', '["成都爱乐乐团","指挥：顾明"]'::jsonb, '[{"composerId":"debussy","workId":"debussy-faun","displayTitle":"德彪西：牧神午后前奏曲"},{"composerId":"debussy","workId":"debussy-la-mer","displayTitle":"德彪西：大海"},{"composerId":"ravel","workId":"ravel-bolero","displayTitle":"拉威尔：波莱罗"}]'::jsonb, 'https://example.com/tickets/french-impression', 'https://example.com/source/french-impression', '演出样例数据'),
  ('perf-006', '柴可夫斯基与拉赫玛尼诺夫之夜', '杭州', '杭州大剧院', '2026-08-08T19:30:00+08:00', '["浙江交响乐团","钢琴：许清和"]'::jsonb, '[{"composerId":"tchaikovsky","workId":"tchaikovsky-piano-concerto-1","displayTitle":"柴可夫斯基：第一钢琴协奏曲"},{"composerId":"rachmaninoff","workId":"rachmaninoff-piano-concerto-2","displayTitle":"拉赫玛尼诺夫：第二钢琴协奏曲"}]'::jsonb, 'https://example.com/tickets/russian-romance', 'https://example.com/source/russian-romance', '演出样例数据'),
  ('perf-007', '马勒第一交响曲：巨人的觉醒', '南京', '江苏大剧院音乐厅', '2026-08-15T19:30:00+08:00', '["江苏交响乐团","指挥：沈澈"]'::jsonb, '[{"composerId":"mahler","workId":"mahler-symphony-1","displayTitle":"马勒：第一交响曲“巨人”"}]'::jsonb, 'https://example.com/tickets/mahler-titan', 'https://example.com/source/mahler-titan', '演出样例数据'),
  ('perf-008', '二十世纪芭蕾：春之祭与罗密欧', '上海', '上海大剧院', '2026-08-22T19:15:00+08:00', '["城市芭蕾交响乐团","指挥：叶庭"]'::jsonb, '[{"composerId":"stravinsky","workId":"stravinsky-rite","displayTitle":"斯特拉文斯基：春之祭"},{"composerId":"prokofiev","workId":"prokofiev-romeo","displayTitle":"普罗科菲耶夫：罗密欧与朱丽叶选段"}]'::jsonb, 'https://example.com/tickets/modern-ballet', 'https://example.com/source/modern-ballet', '演出样例数据'),
  ('perf-009', '舒伯特与舒曼：诗人的歌', '武汉', '琴台音乐厅', '2026-09-05T19:30:00+08:00', '["男中音：吴桐","钢琴：李远"]'::jsonb, '[{"composerId":"schubert","workId":"schubert-erlkonig","displayTitle":"舒伯特：魔王"},{"composerId":"schumann","workId":"schumann-dichterliebe","displayTitle":"舒曼：诗人之恋"}]'::jsonb, 'https://example.com/tickets/lieder-night', 'https://example.com/source/lieder-night', '演出样例数据'),
  ('perf-010', '肖斯塔科维奇第五交响曲', '北京', '中山公园音乐堂', '2026-09-12T19:30:00+08:00', '["中央城市交响乐团","指挥：罗衡"]'::jsonb, '[{"composerId":"shostakovich","workId":"shostakovich-symphony-5","displayTitle":"肖斯塔科维奇：第五交响曲"}]'::jsonb, 'https://example.com/tickets/shostakovich-5', 'https://example.com/source/shostakovich-5', '演出样例数据'),
  ('perf-011', '大提琴之夜：巴赫与德沃夏克', '西安', '西安音乐厅', '2026-09-19T19:30:00+08:00', '["大提琴：林牧","西安室内乐团"]'::jsonb, '[{"composerId":"bach","workId":"bach-cello-suite-1","displayTitle":"巴赫：第一无伴奏大提琴组曲"},{"composerId":"dvorak","workId":"dvorak-cello-concerto","displayTitle":"德沃夏克：大提琴协奏曲"}]'::jsonb, 'https://example.com/tickets/cello-night', 'https://example.com/source/cello-night', '演出样例数据'),
  ('perf-012', '门德尔松与勃拉姆斯：德奥弦音', '重庆', '重庆国泰艺术中心', '2026-09-26T19:30:00+08:00', '["山城爱乐","小提琴：赵澜"]'::jsonb, '[{"composerId":"mendelssohn","workId":"mendelssohn-violin-concerto","displayTitle":"门德尔松：小提琴协奏曲"},{"composerId":"brahms","workId":"brahms-symphony-1","displayTitle":"勃拉姆斯：第一交响曲"}]'::jsonb, 'https://example.com/tickets/german-strings', 'https://example.com/source/german-strings', '演出样例数据')
on conflict (id) do update set
  title = excluded.title,
  city = excluded.city,
  venue = excluded.venue,
  starts_at = excluded.starts_at,
  artists = excluded.artists,
  program = excluded.program,
  ticket_url = excluded.ticket_url,
  source_url = excluded.source_url,
  source_name = excluded.source_name;

insert into public.articles (id, slug, title, excerpt, cover_url, category, published_at, content, related_composer_ids, related_work_ids) values
  ('article-beethoven-start', 'start-with-beethoven', '第一次听贝多芬，从哪几首开始', '如果只知道《命运》，这条路线会带你从戏剧动机、钢琴独白一路走到《欢乐颂》。', '', '古典音乐入门', '2026-06-08', '贝多芬适合从“冲突”开始听。《第五交响曲》的四音动机像敲门声一样进入音乐史，它让你立刻理解贝多芬如何用最小材料建起巨大戏剧。

第二站可以转向《月光奏鸣曲》。第一乐章不是普通的抒情小品，而是一种持续的内心凝视；终乐章则显示钢琴如何承担近乎交响的爆发力。

最后听《第九交响曲》。它把器乐交响曲推向人声、诗歌和共同体理想，适合在熟悉贝多芬的力量后再进入。', '["beethoven"]'::jsonb, '["beethoven-symphony-5","beethoven-moonlight","beethoven-symphony-9"]'::jsonb),
  ('article-bach-why', 'why-bach-matters', '巴赫为什么重要', '巴赫不是“难懂”的代名词，而是一种把秩序、情感和时间组织到极致的音乐方法。', '', '作曲家指南', '2026-06-08', '巴赫的重要性首先来自他的结构能力。复调不是把旋律叠在一起那么简单，而是让多条线索同时保持独立，又在更大的秩序中互相照亮。

其次，巴赫的音乐并不冷。无论是无伴奏大提琴组曲的单线条，还是宗教声乐中的合唱，他都能把情感藏在结构内部，让听者在重复和变形中逐渐被打动。

如果第一次听巴赫，可以先从《第一无伴奏大提琴组曲》和《第三勃兰登堡协奏曲》开始，再进入《哥德堡变奏曲》。', '["bach"]'::jsonb, '["bach-cello-suite-1","bach-brandenburg-3","bach-goldberg"]'::jsonb),
  ('article-concert-guide', 'how-to-listen-symphony-concert', '如何听一场交响音乐会', '不必提前成为专家，只要知道看节目单、听主题、感受乐章关系，就能更从容地进入音乐厅。', '', '演出观前指南', '2026-06-08', '进音乐厅前，先看节目单里的作曲家、作品名和乐章数量。你不需要记住所有背景，只要知道作品大概属于哪个时期、是什么体裁。

听交响曲时，可以试着抓住第一乐章开头的主题。它常常会回来、变化、对抗或被放大。即使中途走神，只要重新抓住主题，就能回到音乐的线索里。

鼓掌通常在整部作品结束后进行，而不是每个乐章之后。如果不确定，可以跟随现场多数观众。', '["mozart","beethoven","mahler"]'::jsonb, '["mozart-symphony-40","beethoven-symphony-5","mahler-symphony-1"]'::jsonb),
  ('article-romanticism', 'romanticism-introduction', '浪漫主义音乐入门', '从肖邦的夜曲到马勒的交响曲，浪漫主义关心的不只是爱情，而是个人经验如何进入音乐。', '', '古典音乐入门', '2026-06-08', '浪漫主义音乐常被误解为只有柔情和爱情。事实上，它更关心个人感受如何突破古典形式：孤独、幻想、民族记忆、自然、梦境和命运都成为音乐主题。

肖邦适合从钢琴夜曲开始，舒曼适合从歌曲和钢琴套曲进入，勃拉姆斯则展示浪漫情感如何被古典结构压缩。

到马勒那里，浪漫主义变成巨大的精神剧场。歌曲、进行曲、葬礼、自然声响和哲学问题都能进入交响曲。', '["chopin","schumann","brahms","mahler"]'::jsonb, '["chopin-nocturne-op9-2","schumann-dichterliebe","brahms-symphony-1","mahler-adagietto"]'::jsonb),
  ('article-debussy-impressionism', 'start-with-debussy-impressionism', '从德彪西开始理解印象主义', '印象主义不是“朦胧背景音乐”，而是用音色、和声和时间感重新组织听觉。', '', '作品导听', '2026-06-08', '德彪西的音乐常给人“雾气”和“水光”的感觉，但这不是因为旋律不清楚，而是因为他有意弱化传统和声的方向感。

《月光》适合用来感受钢琴色彩，《牧神午后前奏曲》适合听长笛如何打开一个梦境，《大海》则展示管弦乐如何不靠故事也能形成结构。

再听拉威尔，会发现另一种法国精密：同样重视色彩，但轮廓更清楚、机械感和舞蹈感更强。', '["debussy","ravel"]'::jsonb, '["debussy-clair-de-lune","debussy-la-mer","ravel-bolero"]'::jsonb)
on conflict (id) do update set
  slug = excluded.slug,
  title = excluded.title,
  excerpt = excluded.excerpt,
  cover_url = excluded.cover_url,
  category = excluded.category,
  published_at = excluded.published_at,
  content = excluded.content,
  related_composer_ids = excluded.related_composer_ids,
  related_work_ids = excluded.related_work_ids;
